year;country;variable;value
1990;Argentina;GDP_per_capita_PPP_2017;14145
1991;Argentina;GDP_per_capita_PPP_2017;15222
1992;Argentina;GDP_per_capita_PPP_2017;16209
1993;Argentina;GDP_per_capita_PPP_2017;17312
1994;Argentina;GDP_per_capita_PPP_2017;18092
1995;Argentina;GDP_per_capita_PPP_2017;17363
1996;Argentina;GDP_per_capita_PPP_2017;18105
1997;Argentina;GDP_per_capita_PPP_2017;19348
1998;Argentina;GDP_per_capita_PPP_2017;19866
1999;Argentina;GDP_per_capita_PPP_2017;18981
2000;Argentina;GDP_per_capita_PPP_2017;18625
2001;Argentina;GDP_per_capita_PPP_2017;17611
2002;Argentina;GDP_per_capita_PPP_2017;15523
2003;Argentina;GDP_per_capita_PPP_2017;16715
2004;Argentina;GDP_per_capita_PPP_2017;18033
2005;Argentina;GDP_per_capita_PPP_2017;19426
2006;Argentina;GDP_per_capita_PPP_2017;20778
2007;Argentina;GDP_per_capita_PPP_2017;22424
2008;Argentina;GDP_per_capita_PPP_2017;23103
2009;Argentina;GDP_per_capita_PPP_2017;21520
2010;Argentina;GDP_per_capita_PPP_2017;23521
2011;Argentina;GDP_per_capita_PPP_2017;24648
2012;Argentina;GDP_per_capita_PPP_2017;24119
2013;Argentina;GDP_per_capita_PPP_2017;24424
2014;Argentina;GDP_per_capita_PPP_2017;23550
2015;Argentina;GDP_per_capita_PPP_2017;23934
2016;Argentina;GDP_per_capita_PPP_2017;23190
2017;Argentina;GDP_per_capita_PPP_2017;23597
2018;Argentina;GDP_per_capita_PPP_2017;22747
2019;Argentina;GDP_per_capita_PPP_2017;22066
2020;Argentina;GDP_per_capita_PPP_2017;19691
2020;Argentina;CAGR_GDP_per_capita;1.1
1990;Bolivia;GDP_per_capita_PPP_2017;4587
1991;Bolivia;GDP_per_capita_PPP_2017;4728
1992;Bolivia;GDP_per_capita_PPP_2017;4706
1993;Bolivia;GDP_per_capita_PPP_2017;4805
1994;Bolivia;GDP_per_capita_PPP_2017;4925
1995;Bolivia;GDP_per_capita_PPP_2017;5050
1996;Bolivia;GDP_per_capita_PPP_2017;5164
1997;Bolivia;GDP_per_capita_PPP_2017;5312
1998;Bolivia;GDP_per_capita_PPP_2017;5469
1999;Bolivia;GDP_per_capita_PPP_2017;5386
2000;Bolivia;GDP_per_capita_PPP_2017;5416
2001;Bolivia;GDP_per_capita_PPP_2017;5403
2002;Bolivia;GDP_per_capita_PPP_2017;5434
2003;Bolivia;GDP_per_capita_PPP_2017;5479
2004;Bolivia;GDP_per_capita_PPP_2017;5605
2005;Bolivia;GDP_per_capita_PPP_2017;5750
2006;Bolivia;GDP_per_capita_PPP_2017;5921
2007;Bolivia;GDP_per_capita_PPP_2017;6085
2008;Bolivia;GDP_per_capita_PPP_2017;6351
2009;Bolivia;GDP_per_capita_PPP_2017;6456
2010;Bolivia;GDP_per_capita_PPP_2017;6613
2011;Bolivia;GDP_per_capita_PPP_2017;6845
2012;Bolivia;GDP_per_capita_PPP_2017;7081
2013;Bolivia;GDP_per_capita_PPP_2017;7444
2014;Bolivia;GDP_per_capita_PPP_2017;7731
2015;Bolivia;GDP_per_capita_PPP_2017;7984
2016;Bolivia;GDP_per_capita_PPP_2017;8203
2017;Bolivia;GDP_per_capita_PPP_2017;8424
2018;Bolivia;GDP_per_capita_PPP_2017;8656
2019;Bolivia;GDP_per_capita_PPP_2017;8724
2020;Bolivia;GDP_per_capita_PPP_2017;7845
2020;Bolivia;CAGR_GDP_per_capita;1.8
1990;Brasil;GDP_per_capita_PPP_2017;10521
1991;Brasil;GDP_per_capita_PPP_2017;10444
1992;Brasil;GDP_per_capita_PPP_2017;10211
1993;Brasil;GDP_per_capita_PPP_2017;10537
1994;Brasil;GDP_per_capita_PPP_2017;10973
1995;Brasil;GDP_per_capita_PPP_2017;11254
1996;Brasil;GDP_per_capita_PPP_2017;11321
1997;Brasil;GDP_per_capita_PPP_2017;11524
1998;Brasil;GDP_per_capita_PPP_2017;11388
1999;Brasil;GDP_per_capita_PPP_2017;11273
2000;Brasil;GDP_per_capita_PPP_2017;11601
2001;Brasil;GDP_per_capita_PPP_2017;11602
2002;Brasil;GDP_per_capita_PPP_2017;11801
2003;Brasil;GDP_per_capita_PPP_2017;11786
2004;Brasil;GDP_per_capita_PPP_2017;12316
2005;Brasil;GDP_per_capita_PPP_2017;12566
2006;Brasil;GDP_per_capita_PPP_2017;12922
2007;Brasil;GDP_per_capita_PPP_2017;13565
2008;Brasil;GDP_per_capita_PPP_2017;14115
2009;Brasil;GDP_per_capita_PPP_2017;13962
2010;Brasil;GDP_per_capita_PPP_2017;14873
2011;Brasil;GDP_per_capita_PPP_2017;15323
2012;Brasil;GDP_per_capita_PPP_2017;15479
2013;Brasil;GDP_per_capita_PPP_2017;15805
2014;Brasil;GDP_per_capita_PPP_2017;15750
2015;Brasil;GDP_per_capita_PPP_2017;15064
2016;Brasil;GDP_per_capita_PPP_2017;14451
2017;Brasil;GDP_per_capita_PPP_2017;14525
2018;Brasil;GDP_per_capita_PPP_2017;14668
2019;Brasil;GDP_per_capita_PPP_2017;14764
2020;Brasil;GDP_per_capita_PPP_2017;14064
2020;Brasil;GDP_per_capita_PPP_2017;1
1990;Chile;GDP_per_capita_PPP_2017;9850
1991;Chile;GDP_per_capita_PPP_2017;10445
1992;Chile;GDP_per_capita_PPP_2017;11421
1993;Chile;GDP_per_capita_PPP_2017;11977
1994;Chile;GDP_per_capita_PPP_2017;12383
1995;Chile;GDP_per_capita_PPP_2017;13288
1996;Chile;GDP_per_capita_PPP_2017;13991
1997;Chile;GDP_per_capita_PPP_2017;14828
1998;Chile;GDP_per_capita_PPP_2017;15271
1999;Chile;GDP_per_capita_PPP_2017;15023
2000;Chile;GDP_per_capita_PPP_2017;15638
2001;Chile;GDP_per_capita_PPP_2017;15974
2002;Chile;GDP_per_capita_PPP_2017;16293
2003;Chile;GDP_per_capita_PPP_2017;16783
2004;Chile;GDP_per_capita_PPP_2017;17807
2005;Chile;GDP_per_capita_PPP_2017;18635
2006;Chile;GDP_per_capita_PPP_2017;19604
2007;Chile;GDP_per_capita_PPP_2017;20347
2008;Chile;GDP_per_capita_PPP_2017;20840
2009;Chile;GDP_per_capita_PPP_2017;20298
2010;Chile;GDP_per_capita_PPP_2017;21262
2011;Chile;GDP_per_capita_PPP_2017;22338
2012;Chile;GDP_per_capita_PPP_2017;23300
2013;Chile;GDP_per_capita_PPP_2017;24007
2014;Chile;GDP_per_capita_PPP_2017;24173
2015;Chile;GDP_per_capita_PPP_2017;24440
2016;Chile;GDP_per_capita_PPP_2017;24531
2017;Chile;GDP_per_capita_PPP_2017;24471
2018;Chile;GDP_per_capita_PPP_2017;25029
2019;Chile;GDP_per_capita_PPP_2017;24968
2020;Chile;GDP_per_capita_PPP_2017;23325
2020;Chile;CAGR_GDP_per_capita;3
1990;Colombia;GDP_per_capita_PPP_2017;8307
1991;Colombia;GDP_per_capita_PPP_2017;8309
1992;Colombia;GDP_per_capita_PPP_2017;8478
1993;Colombia;GDP_per_capita_PPP_2017;8765
1994;Colombia;GDP_per_capita_PPP_2017;9101
1995;Colombia;GDP_per_capita_PPP_2017;9400
1996;Colombia;GDP_per_capita_PPP_2017;9424
1997;Colombia;GDP_per_capita_PPP_2017;9580
1998;Colombia;GDP_per_capita_PPP_2017;9474
1999;Colombia;GDP_per_capita_PPP_2017;8928
2000;Colombia;GDP_per_capita_PPP_2017;9043
2001;Colombia;GDP_per_capita_PPP_2017;9051
2002;Colombia;GDP_per_capita_PPP_2017;9137
2003;Colombia;GDP_per_capita_PPP_2017;9356
2004;Colombia;GDP_per_capita_PPP_2017;9716
2005;Colombia;GDP_per_capita_PPP_2017;10049
2006;Colombia;GDP_per_capita_PPP_2017;10587
2007;Colombia;GDP_per_capita_PPP_2017;11162
2008;Colombia;GDP_per_capita_PPP_2017;11393
2009;Colombia;GDP_per_capita_PPP_2017;11396
2010;Colombia;GDP_per_capita_PPP_2017;11783
2011;Colombia;GDP_per_capita_PPP_2017;12481
2012;Colombia;GDP_per_capita_PPP_2017;12853
2013;Colombia;GDP_per_capita_PPP_2017;13390
2014;Colombia;GDP_per_capita_PPP_2017;13852
2015;Colombia;GDP_per_capita_PPP_2017;14096
2016;Colombia;GDP_per_capita_PPP_2017;14195
2017;Colombia;GDP_per_capita_PPP_2017;14171
2018;Colombia;GDP_per_capita_PPP_2017;14315
2019;Colombia;GDP_per_capita_PPP_2017;14585
2020;Colombia;GDP_per_capita_PPP_2017;13449
2020;Colombia;CAGR_GDP_per_capita;1.619
1990;Ecuador;GDP_per_capita_PPP_2017;8294
1991;Ecuador;GDP_per_capita_PPP_2017;8450
1992;Ecuador;GDP_per_capita_PPP_2017;8433
1993;Ecuador;GDP_per_capita_PPP_2017;8407
1994;Ecuador;GDP_per_capita_PPP_2017;8572
1995;Ecuador;GDP_per_capita_PPP_2017;8576
1996;Ecuador;GDP_per_capita_PPP_2017;8539
1997;Ecuador;GDP_per_capita_PPP_2017;8724
1998;Ecuador;GDP_per_capita_PPP_2017;8826
1999;Ecuador;GDP_per_capita_PPP_2017;8243
2000;Ecuador;GDP_per_capita_PPP_2017;8176
2001;Ecuador;GDP_per_capita_PPP_2017;8351
2002;Ecuador;GDP_per_capita_PPP_2017;8542
2003;Ecuador;GDP_per_capita_PPP_2017;8626
2004;Ecuador;GDP_per_capita_PPP_2017;9178
2005;Ecuador;GDP_per_capita_PPP_2017;9504
2006;Ecuador;GDP_per_capita_PPP_2017;9757
2007;Ecuador;GDP_per_capita_PPP_2017;9806
2008;Ecuador;GDP_per_capita_PPP_2017;10257
2009;Ecuador;GDP_per_capita_PPP_2017;10149
2010;Ecuador;GDP_per_capita_PPP_2017;10341
2011;Ecuador;GDP_per_capita_PPP_2017;10984
2012;Ecuador;GDP_per_capita_PPP_2017;11431
2013;Ecuador;GDP_per_capita_PPP_2017;11819
2014;Ecuador;GDP_per_capita_PPP_2017;12078
2015;Ecuador;GDP_per_capita_PPP_2017;11896
2016;Ecuador;GDP_per_capita_PPP_2017;11552
2017;Ecuador;GDP_per_capita_PPP_2017;11618
2018;Ecuador;GDP_per_capita_PPP_2017;11562
2019;Ecuador;GDP_per_capita_PPP_2017;11371
2020;Ecuador;GDP_per_capita_PPP_2017;10329
2020;Ecuador;CAGR_GDP_per_capita;0.734
1990;Corea_del_Sur;GDP_per_capita_PPP_2017;12656
1991;Corea_del_Sur;GDP_per_capita_PPP_2017;13882
1992;Corea_del_Sur;GDP_per_capita_PPP_2017;14591
1993;Corea_del_Sur;GDP_per_capita_PPP_2017;15436
1994;Corea_del_Sur;GDP_per_capita_PPP_2017;16698
1995;Corea_del_Sur;GDP_per_capita_PPP_2017;18120
1996;Corea_del_Sur;GDP_per_capita_PPP_2017;19365
1997;Corea_del_Sur;GDP_per_capita_PPP_2017;20368
1998;Corea_del_Sur;GDP_per_capita_PPP_2017;19184
1999;Corea_del_Sur;GDP_per_capita_PPP_2017;21233
2000;Corea_del_Sur;GDP_per_capita_PPP_2017;22964
2001;Corea_del_Sur;GDP_per_capita_PPP_2017;23894
2002;Corea_del_Sur;GDP_per_capita_PPP_2017;25591
2003;Corea_del_Sur;GDP_per_capita_PPP_2017;26260
2004;Corea_del_Sur;GDP_per_capita_PPP_2017;27516
2005;Corea_del_Sur;GDP_per_capita_PPP_2017;28641
2006;Corea_del_Sur;GDP_per_capita_PPP_2017;29991
2007;Corea_del_Sur;GDP_per_capita_PPP_2017;31570
2008;Corea_del_Sur;GDP_per_capita_PPP_2017;32275
2009;Corea_del_Sur;GDP_per_capita_PPP_2017;32364
2010;Corea_del_Sur;GDP_per_capita_PPP_2017;34394
2011;Corea_del_Sur;GDP_per_capita_PPP_2017;35389
2012;Corea_del_Sur;GDP_per_capita_PPP_2017;36049
2013;Corea_del_Sur;GDP_per_capita_PPP_2017;37021
2014;Corea_del_Sur;GDP_per_capita_PPP_2017;37967
2015;Corea_del_Sur;GDP_per_capita_PPP_2017;38829
2016;Corea_del_Sur;GDP_per_capita_PPP_2017;39815
2017;Corea_del_Sur;GDP_per_capita_PPP_2017;40957
2018;Corea_del_Sur;GDP_per_capita_PPP_2017;41948
2019;Corea_del_Sur;GDP_per_capita_PPP_2017;42805
2020;Corea_del_Sur;GDP_per_capita_PPP_2017;42381
2020;Corea_del_Sur;CAGR_GDP_per_capita;4.1
1990;Mexico;GDP_per_capita_PPP_2017;14949
1991;Mexico;GDP_per_capita_PPP_2017;15293
1992;Mexico;GDP_per_capita_PPP_2017;15551
1993;Mexico;GDP_per_capita_PPP_2017;15575
1994;Mexico;GDP_per_capita_PPP_2017;16067
1995;Mexico;GDP_per_capita_PPP_2017;14809
1996;Mexico;GDP_per_capita_PPP_2017;15560
1997;Mexico;GDP_per_capita_PPP_2017;16368
1998;Mexico;GDP_per_capita_PPP_2017;16954
1999;Mexico;GDP_per_capita_PPP_2017;17166
2000;Mexico;GDP_per_capita_PPP_2017;17757
2001;Mexico;GDP_per_capita_PPP_2017;17438
2002;Mexico;GDP_per_capita_PPP_2017;17194
2003;Mexico;GDP_per_capita_PPP_2017;17206
2004;Mexico;GDP_per_capita_PPP_2017;17635
2005;Mexico;GDP_per_capita_PPP_2017;17789
2006;Mexico;GDP_per_capita_PPP_2017;18319
2007;Mexico;GDP_per_capita_PPP_2017;18463
2008;Mexico;GDP_per_capita_PPP_2017;18397
2009;Mexico;GDP_per_capita_PPP_2017;17169
2010;Mexico;GDP_per_capita_PPP_2017;17790
2011;Mexico;GDP_per_capita_PPP_2017;18186
2012;Mexico;GDP_per_capita_PPP_2017;18595
2013;Mexico;GDP_per_capita_PPP_2017;18600
2014;Mexico;GDP_per_capita_PPP_2017;18888
2015;Mexico;GDP_per_capita_PPP_2017;19269
2016;Mexico;GDP_per_capita_PPP_2017;19539
2017;Mexico;GDP_per_capita_PPP_2017;19721
2018;Mexico;GDP_per_capita_PPP_2017;19928
2019;Mexico;GDP_per_capita_PPP_2017;19677
2020;Mexico;GDP_per_capita_PPP_2017;17852
2020;Mexico;CAGR_GDP_per_capita;0.6
1990;Peru;GDP_per_capita_PPP_2017;5249
1991;Peru;GDP_per_capita_PPP_2017;5258
1992;Peru;GDP_per_capita_PPP_2017;5129
1993;Peru;GDP_per_capita_PPP_2017;5296
1994;Peru;GDP_per_capita_PPP_2017;5837
1995;Peru;GDP_per_capita_PPP_2017;6154
1996;Peru;GDP_per_capita_PPP_2017;6210
1997;Peru;GDP_per_capita_PPP_2017;6493
1998;Peru;GDP_per_capita_PPP_2017;6354
1999;Peru;GDP_per_capita_PPP_2017;6346
2000;Peru;GDP_per_capita_PPP_2017;6422
2001;Peru;GDP_per_capita_PPP_2017;6380
2002;Peru;GDP_per_capita_PPP_2017;6653
2003;Peru;GDP_per_capita_PPP_2017;6862
2004;Peru;GDP_per_capita_PPP_2017;7136
2005;Peru;GDP_per_capita_PPP_2017;7519
2006;Peru;GDP_per_capita_PPP_2017;8017
2007;Peru;GDP_per_capita_PPP_2017;8629
2008;Peru;GDP_per_capita_PPP_2017;9341
2009;Peru;GDP_per_capita_PPP_2017;9368
2010;Peru;GDP_per_capita_PPP_2017;10066
2011;Peru;GDP_per_capita_PPP_2017;10617
2012;Peru;GDP_per_capita_PPP_2017;11176
2013;Peru;GDP_per_capita_PPP_2017;11724
2014;Peru;GDP_per_capita_PPP_2017;11877
2015;Peru;GDP_per_capita_PPP_2017;12110
2016;Peru;GDP_per_capita_PPP_2017;12404
2017;Peru;GDP_per_capita_PPP_2017;12507
2018;Peru;GDP_per_capita_PPP_2017;12781
2019;Peru;GDP_per_capita_PPP_2017;12854
2020;Peru;GDP_per_capita_PPP_2017;11261
2020;Peru;CAGR_GDP_per_capita;2.6
1990;Argentina;100_GDP_per_capita;100
1991;Argentina;100_GDP_per_capita;108
1992;Argentina;100_GDP_per_capita;115
1993;Argentina;100_GDP_per_capita;122
1994;Argentina;100_GDP_per_capita;128
1995;Argentina;100_GDP_per_capita;123
1996;Argentina;100_GDP_per_capita;128
1997;Argentina;100_GDP_per_capita;137
1998;Argentina;100_GDP_per_capita;140
1999;Argentina;100_GDP_per_capita;134
2000;Argentina;100_GDP_per_capita;132
2001;Argentina;100_GDP_per_capita;125
2002;Argentina;100_GDP_per_capita;110
2003;Argentina;100_GDP_per_capita;118
2004;Argentina;100_GDP_per_capita;127
2005;Argentina;100_GDP_per_capita;137
2006;Argentina;100_GDP_per_capita;147
2007;Argentina;100_GDP_per_capita;159
2008;Argentina;100_GDP_per_capita;163
2009;Argentina;100_GDP_per_capita;152
2010;Argentina;100_GDP_per_capita;166
2011;Argentina;100_GDP_per_capita;174
2012;Argentina;100_GDP_per_capita;171
2013;Argentina;100_GDP_per_capita;173
2014;Argentina;100_GDP_per_capita;166
2015;Argentina;100_GDP_per_capita;169
2016;Argentina;100_GDP_per_capita;164
2017;Argentina;100_GDP_per_capita;167
2018;Argentina;100_GDP_per_capita;161
2019;Argentina;100_GDP_per_capita;156
2020;Argentina;100_GDP_per_capita;139
1990;Bolivia;100_GDP_per_capita;100
1991;Bolivia;100_GDP_per_capita;103
1992;Bolivia;100_GDP_per_capita;103
1993;Bolivia;100_GDP_per_capita;105
1994;Bolivia;100_GDP_per_capita;107
1995;Bolivia;100_GDP_per_capita;110
1996;Bolivia;100_GDP_per_capita;113
1997;Bolivia;100_GDP_per_capita;116
1998;Bolivia;100_GDP_per_capita;119
1999;Bolivia;100_GDP_per_capita;117
2000;Bolivia;100_GDP_per_capita;118
2001;Bolivia;100_GDP_per_capita;118
2002;Bolivia;100_GDP_per_capita;118
2003;Bolivia;100_GDP_per_capita;119
2004;Bolivia;100_GDP_per_capita;122
2005;Bolivia;100_GDP_per_capita;125
2006;Bolivia;100_GDP_per_capita;129
2007;Bolivia;100_GDP_per_capita;133
2008;Bolivia;100_GDP_per_capita;138
2009;Bolivia;100_GDP_per_capita;141
2010;Bolivia;100_GDP_per_capita;144
2011;Bolivia;100_GDP_per_capita;149
2012;Bolivia;100_GDP_per_capita;154
2013;Bolivia;100_GDP_per_capita;162
2014;Bolivia;100_GDP_per_capita;169
2015;Bolivia;100_GDP_per_capita;174
2016;Bolivia;100_GDP_per_capita;179
2017;Bolivia;100_GDP_per_capita;184
2018;Bolivia;100_GDP_per_capita;189
2019;Bolivia;100_GDP_per_capita;190
2020;Bolivia;100_GDP_per_capita;171
1990;Brasil;100_GDP_per_capita;100
1991;Brasil;100_GDP_per_capita;99
1992;Brasil;100_GDP_per_capita;97
1993;Brasil;100_GDP_per_capita;100
1994;Brasil;100_GDP_per_capita;104
1995;Brasil;100_GDP_per_capita;107
1996;Brasil;100_GDP_per_capita;108
1997;Brasil;100_GDP_per_capita;110
1998;Brasil;100_GDP_per_capita;108
1999;Brasil;100_GDP_per_capita;107
2000;Brasil;100_GDP_per_capita;110
2001;Brasil;100_GDP_per_capita;110
2002;Brasil;100_GDP_per_capita;112
2003;Brasil;100_GDP_per_capita;112
2004;Brasil;100_GDP_per_capita;117
2005;Brasil;100_GDP_per_capita;119
2006;Brasil;100_GDP_per_capita;123
2007;Brasil;100_GDP_per_capita;129
2008;Brasil;100_GDP_per_capita;134
2009;Brasil;100_GDP_per_capita;133
2010;Brasil;100_GDP_per_capita;141
2011;Brasil;100_GDP_per_capita;146
2012;Brasil;100_GDP_per_capita;147
2013;Brasil;100_GDP_per_capita;150
2014;Brasil;100_GDP_per_capita;150
2015;Brasil;100_GDP_per_capita;143
2016;Brasil;100_GDP_per_capita;137
2017;Brasil;100_GDP_per_capita;138
2018;Brasil;100_GDP_per_capita;139
2019;Brasil;100_GDP_per_capita;140
2020;Brasil;100_GDP_per_capita;134
1990;Chile;100_GDP_per_capita;100
1991;Chile;100_GDP_per_capita;106
1992;Chile;100_GDP_per_capita;116
1993;Chile;100_GDP_per_capita;122
1994;Chile;100_GDP_per_capita;126
1995;Chile;100_GDP_per_capita;135
1996;Chile;100_GDP_per_capita;142
1997;Chile;100_GDP_per_capita;151
1998;Chile;100_GDP_per_capita;155
1999;Chile;100_GDP_per_capita;153
2000;Chile;100_GDP_per_capita;159
2001;Chile;100_GDP_per_capita;162
2002;Chile;100_GDP_per_capita;165
2003;Chile;100_GDP_per_capita;170
2004;Chile;100_GDP_per_capita;181
2005;Chile;100_GDP_per_capita;189
2006;Chile;100_GDP_per_capita;199
2007;Chile;100_GDP_per_capita;207
2008;Chile;100_GDP_per_capita;212
2009;Chile;100_GDP_per_capita;206
2010;Chile;100_GDP_per_capita;216
2011;Chile;100_GDP_per_capita;227
2012;Chile;100_GDP_per_capita;237
2013;Chile;100_GDP_per_capita;244
2014;Chile;100_GDP_per_capita;245
2015;Chile;100_GDP_per_capita;248
2016;Chile;100_GDP_per_capita;249
2017;Chile;100_GDP_per_capita;248
2018;Chile;100_GDP_per_capita;254
2019;Chile;100_GDP_per_capita;253
2020;Chile;100_GDP_per_capita;237
1990;Colombia;100_GDP_per_capita;100
1991;Colombia;100_GDP_per_capita;100
1992;Colombia;100_GDP_per_capita;102
1993;Colombia;100_GDP_per_capita;106
1994;Colombia;100_GDP_per_capita;110
1995;Colombia;100_GDP_per_capita;113
1996;Colombia;100_GDP_per_capita;113
1997;Colombia;100_GDP_per_capita;115
1998;Colombia;100_GDP_per_capita;114
1999;Colombia;100_GDP_per_capita;107
2000;Colombia;100_GDP_per_capita;109
2001;Colombia;100_GDP_per_capita;109
2002;Colombia;100_GDP_per_capita;110
2003;Colombia;100_GDP_per_capita;113
2004;Colombia;100_GDP_per_capita;117
2005;Colombia;100_GDP_per_capita;121
2006;Colombia;100_GDP_per_capita;127
2007;Colombia;100_GDP_per_capita;134
2008;Colombia;100_GDP_per_capita;137
2009;Colombia;100_GDP_per_capita;137
2010;Colombia;100_GDP_per_capita;142
2011;Colombia;100_GDP_per_capita;150
2012;Colombia;100_GDP_per_capita;155
2013;Colombia;100_GDP_per_capita;161
2014;Colombia;100_GDP_per_capita;167
2015;Colombia;100_GDP_per_capita;170
2016;Colombia;100_GDP_per_capita;171
2017;Colombia;100_GDP_per_capita;171
2018;Colombia;100_GDP_per_capita;172
2019;Colombia;100_GDP_per_capita;176
2020;Colombia;100_GDP_per_capita;162
1990;Ecuador;100_GDP_per_capita;100
1991;Ecuador;100_GDP_per_capita;102
1992;Ecuador;100_GDP_per_capita;102
1993;Ecuador;100_GDP_per_capita;101
1994;Ecuador;100_GDP_per_capita;103
1995;Ecuador;100_GDP_per_capita;103
1996;Ecuador;100_GDP_per_capita;103
1997;Ecuador;100_GDP_per_capita;105
1998;Ecuador;100_GDP_per_capita;106
1999;Ecuador;100_GDP_per_capita;99
2000;Ecuador;100_GDP_per_capita;99
2001;Ecuador;100_GDP_per_capita;101
2002;Ecuador;100_GDP_per_capita;103
2003;Ecuador;100_GDP_per_capita;104
2004;Ecuador;100_GDP_per_capita;111
2005;Ecuador;100_GDP_per_capita;115
2006;Ecuador;100_GDP_per_capita;118
2007;Ecuador;100_GDP_per_capita;118
2008;Ecuador;100_GDP_per_capita;124
2009;Ecuador;100_GDP_per_capita;122
2010;Ecuador;100_GDP_per_capita;125
2011;Ecuador;100_GDP_per_capita;132
2012;Ecuador;100_GDP_per_capita;138
2013;Ecuador;100_GDP_per_capita;143
2014;Ecuador;100_GDP_per_capita;146
2015;Ecuador;100_GDP_per_capita;143
2016;Ecuador;100_GDP_per_capita;139
2017;Ecuador;100_GDP_per_capita;140
2018;Ecuador;100_GDP_per_capita;139
2019;Ecuador;100_GDP_per_capita;137
2020;Ecuador;100_GDP_per_capita;125
1990;Corea_del_Sur;100_GDP_per_capita;100
1991;Corea_del_Sur;100_GDP_per_capita;110
1992;Corea_del_Sur;100_GDP_per_capita;115
1993;Corea_del_Sur;100_GDP_per_capita;122
1994;Corea_del_Sur;100_GDP_per_capita;132
1995;Corea_del_Sur;100_GDP_per_capita;143
1996;Corea_del_Sur;100_GDP_per_capita;153
1997;Corea_del_Sur;100_GDP_per_capita;161
1998;Corea_del_Sur;100_GDP_per_capita;152
1999;Corea_del_Sur;100_GDP_per_capita;168
2000;Corea_del_Sur;100_GDP_per_capita;181
2001;Corea_del_Sur;100_GDP_per_capita;189
2002;Corea_del_Sur;100_GDP_per_capita;202
2003;Corea_del_Sur;100_GDP_per_capita;207
2004;Corea_del_Sur;100_GDP_per_capita;217
2005;Corea_del_Sur;100_GDP_per_capita;226
2006;Corea_del_Sur;100_GDP_per_capita;237
2007;Corea_del_Sur;100_GDP_per_capita;249
2008;Corea_del_Sur;100_GDP_per_capita;255
2009;Corea_del_Sur;100_GDP_per_capita;256
2010;Corea_del_Sur;100_GDP_per_capita;272
2011;Corea_del_Sur;100_GDP_per_capita;280
2012;Corea_del_Sur;100_GDP_per_capita;285
2013;Corea_del_Sur;100_GDP_per_capita;293
2014;Corea_del_Sur;100_GDP_per_capita;300
2015;Corea_del_Sur;100_GDP_per_capita;307
2016;Corea_del_Sur;100_GDP_per_capita;315
2017;Corea_del_Sur;100_GDP_per_capita;324
2018;Corea_del_Sur;100_GDP_per_capita;331
2019;Corea_del_Sur;100_GDP_per_capita;338
2020;Corea_del_Sur;100_GDP_per_capita;335
1990;Mexico;100_GDP_per_capita;100
1991;Mexico;100_GDP_per_capita;102
1992;Mexico;100_GDP_per_capita;104
1993;Mexico;100_GDP_per_capita;104
1994;Mexico;100_GDP_per_capita;107
1995;Mexico;100_GDP_per_capita;99
1996;Mexico;100_GDP_per_capita;104
1997;Mexico;100_GDP_per_capita;109
1998;Mexico;100_GDP_per_capita;113
1999;Mexico;100_GDP_per_capita;115
2000;Mexico;100_GDP_per_capita;119
2001;Mexico;100_GDP_per_capita;117
2002;Mexico;100_GDP_per_capita;115
2003;Mexico;100_GDP_per_capita;115
2004;Mexico;100_GDP_per_capita;118
2005;Mexico;100_GDP_per_capita;119
2006;Mexico;100_GDP_per_capita;123
2007;Mexico;100_GDP_per_capita;124
2008;Mexico;100_GDP_per_capita;123
2009;Mexico;100_GDP_per_capita;115
2010;Mexico;100_GDP_per_capita;119
2011;Mexico;100_GDP_per_capita;122
2012;Mexico;100_GDP_per_capita;124
2013;Mexico;100_GDP_per_capita;124
2014;Mexico;100_GDP_per_capita;126
2015;Mexico;100_GDP_per_capita;129
2016;Mexico;100_GDP_per_capita;131
2017;Mexico;100_GDP_per_capita;132
2018;Mexico;100_GDP_per_capita;133
2019;Mexico;100_GDP_per_capita;132
2020;Mexico;100_GDP_per_capita;119
1990;Peru;100_GDP_per_capita;100
1991;Peru;100_GDP_per_capita;100
1992;Peru;100_GDP_per_capita;98
1993;Peru;100_GDP_per_capita;101
1994;Peru;100_GDP_per_capita;111
1995;Peru;100_GDP_per_capita;117
1996;Peru;100_GDP_per_capita;118
1997;Peru;100_GDP_per_capita;124
1998;Peru;100_GDP_per_capita;121
1999;Peru;100_GDP_per_capita;121
2000;Peru;100_GDP_per_capita;122
2001;Peru;100_GDP_per_capita;122
2002;Peru;100_GDP_per_capita;127
2003;Peru;100_GDP_per_capita;131
2004;Peru;100_GDP_per_capita;136
2005;Peru;100_GDP_per_capita;143
2006;Peru;100_GDP_per_capita;153
2007;Peru;100_GDP_per_capita;164
2008;Peru;100_GDP_per_capita;178
2009;Peru;100_GDP_per_capita;178
2010;Peru;100_GDP_per_capita;192
2011;Peru;100_GDP_per_capita;202
2012;Peru;100_GDP_per_capita;213
2013;Peru;100_GDP_per_capita;223
2014;Peru;100_GDP_per_capita;226
2015;Peru;100_GDP_per_capita;231
2016;Peru;100_GDP_per_capita;236
2017;Peru;100_GDP_per_capita;238
2018;Peru;100_GDP_per_capita;243
2019;Peru;100_GDP_per_capita;245
2020;Peru;100_GDP_per_capita;215
1992;Argentina;Poverty_gap_320_day;2.5
1993;Argentina;Poverty_gap_320_day;2.8
1994;Argentina;Poverty_gap_320_day;2.8
1995;Argentina;Poverty_gap_320_day;4.6
1996;Argentina;Poverty_gap_320_day;5.2
1997;Argentina;Poverty_gap_320_day;4.7
1998;Argentina;Poverty_gap_320_day;5.1
1999;Argentina;Poverty_gap_320_day;5.4
2000;Argentina;Poverty_gap_320_day;6.4
2001;Argentina;Poverty_gap_320_day;9.5
2002;Argentina;Poverty_gap_320_day;13.8
2003;Argentina;Poverty_gap_320_day;6.7
2004;Argentina;Poverty_gap_320_day;5
2005;Argentina;Poverty_gap_320_day;4
2006;Argentina;Poverty_gap_320_day;3.1
2007;Argentina;Poverty_gap_320_day;2.5
2008;Argentina;Poverty_gap_320_day;2.4
2009;Argentina;Poverty_gap_320_day;2.1
2010;Argentina;Poverty_gap_320_day;1.5
2011;Argentina;Poverty_gap_320_day;1.1
2012;Argentina;Poverty_gap_320_day;1.2
2013;Argentina;Poverty_gap_320_day;1
2014;Argentina;Poverty_gap_320_day;1.1
2015;Argentina;Poverty_gap_320_day;1.1
2016;Argentina;Poverty_gap_320_day;1.1
2017;Argentina;Poverty_gap_320_day;1
2018;Argentina;Poverty_gap_320_day;1.3
2019;Argentina;Poverty_gap_320_day;1.5
1992;Bolivia;Poverty_gap_320_day;13.5
1993;Bolivia;Poverty_gap_320_day;14
1994;Bolivia;Poverty_gap_320_day;14.5
1995;Bolivia;Poverty_gap_320_day;15
1996;Bolivia;Poverty_gap_320_day;15.6
1997;Bolivia;Poverty_gap_320_day;16.3
1998;Bolivia;Poverty_gap_320_day;19.1
1999;Bolivia;Poverty_gap_320_day;22
2000;Bolivia;Poverty_gap_320_day;24.8
2001;Bolivia;Poverty_gap_320_day;19.4
2002;Bolivia;Poverty_gap_320_day;20.7
2003;Bolivia;Poverty_gap_320_day;16.5
2004;Bolivia;Poverty_gap_320_day;12.2
2005;Bolivia;Poverty_gap_320_day;16.3
2006;Bolivia;Poverty_gap_320_day;13.8
2007;Bolivia;Poverty_gap_320_day;11.2
2008;Bolivia;Poverty_gap_320_day;9.2
2009;Bolivia;Poverty_gap_320_day;8.7
2010;Bolivia;Poverty_gap_320_day;7.4
2011;Bolivia;Poverty_gap_320_day;6
2012;Bolivia;Poverty_gap_320_day;6.9
2013;Bolivia;Poverty_gap_320_day;5.7
2014;Bolivia;Poverty_gap_320_day;5.1
2015;Bolivia;Poverty_gap_320_day;5.2
2016;Bolivia;Poverty_gap_320_day;6.2
2017;Bolivia;Poverty_gap_320_day;5.5
2018;Bolivia;Poverty_gap_320_day;4.3
2019;Bolivia;Poverty_gap_320_day;2.9
1992;Brasil;Poverty_gap_320_day;17.3
1993;Brasil;Poverty_gap_320_day;16.5
1994;Brasil;Poverty_gap_320_day;13.9
1995;Brasil;Poverty_gap_320_day;11.2
1996;Brasil;Poverty_gap_320_day;12
1997;Brasil;Poverty_gap_320_day;11.9
1998;Brasil;Poverty_gap_320_day;10.8
1999;Brasil;Poverty_gap_320_day;11.3
2000;Brasil;Poverty_gap_320_day;10.6
2001;Brasil;Poverty_gap_320_day;9.8
2002;Brasil;Poverty_gap_320_day;8.9
2003;Brasil;Poverty_gap_320_day;9.5
2004;Brasil;Poverty_gap_320_day;8.4
2005;Brasil;Poverty_gap_320_day;7.5
2006;Brasil;Poverty_gap_320_day;6.3
2007;Brasil;Poverty_gap_320_day;6.1
2008;Brasil;Poverty_gap_320_day;5
2009;Brasil;Poverty_gap_320_day;4.8
2010;Brasil;Poverty_gap_320_day;4.5
2011;Brasil;Poverty_gap_320_day;4.1
2012;Brasil;Poverty_gap_320_day;3.4
2013;Brasil;Poverty_gap_320_day;2.8
2014;Brasil;Poverty_gap_320_day;2.4
2015;Brasil;Poverty_gap_320_day;2.8
2016;Brasil;Poverty_gap_320_day;3.4
2017;Brasil;Poverty_gap_320_day;3.7
2018;Brasil;Poverty_gap_320_day;3.7
2019;Brasil;Poverty_gap_320_day;3.8
1992;Chile;Poverty_gap_320_day;5
1993;Chile;Poverty_gap_320_day;5
1994;Chile;Poverty_gap_320_day;5
1995;Chile;Poverty_gap_320_day;4.4
1996;Chile;Poverty_gap_320_day;3.7
1997;Chile;Poverty_gap_320_day;3.7
1998;Chile;Poverty_gap_320_day;3.6
1999;Chile;Poverty_gap_320_day;4
2000;Chile;Poverty_gap_320_day;4.3
2001;Chile;Poverty_gap_320_day;4.2
2002;Chile;Poverty_gap_320_day;4.1
2003;Chile;Poverty_gap_320_day;4
2004;Chile;Poverty_gap_320_day;3
2005;Chile;Poverty_gap_320_day;2
2006;Chile;Poverty_gap_320_day;1.6
2007;Chile;Poverty_gap_320_day;1.5
2008;Chile;Poverty_gap_320_day;1.4
2009;Chile;Poverty_gap_320_day;1.3
2010;Chile;Poverty_gap_320_day;1
2011;Chile;Poverty_gap_320_day;0.8
2012;Chile;Poverty_gap_320_day;0.6
2013;Chile;Poverty_gap_320_day;0.4
2014;Chile;Poverty_gap_320_day;0.3
2015;Chile;Poverty_gap_320_day;0.3
2016;Chile;Poverty_gap_320_day;0.3
2017;Chile;Poverty_gap_320_day;0.3
2018;Chile;Poverty_gap_320_day;0.2
2019;Chile;Poverty_gap_320_day;0.2
1992;Colombia;Poverty_gap_320_day;9.2
1993;Colombia;Poverty_gap_320_day;11.1
1994;Colombia;Poverty_gap_320_day;12.3
1995;Colombia;Poverty_gap_320_day;14
1996;Colombia;Poverty_gap_320_day;15.4
1997;Colombia;Poverty_gap_320_day;16.3
1998;Colombia;Poverty_gap_320_day;17.2
1999;Colombia;Poverty_gap_320_day;18.1
2000;Colombia;Poverty_gap_320_day;16.2
2001;Colombia;Poverty_gap_320_day;17.9
2002;Colombia;Poverty_gap_320_day;11.3
2003;Colombia;Poverty_gap_320_day;10.8
2004;Colombia;Poverty_gap_320_day;9.8
2005;Colombia;Poverty_gap_320_day;8.8
2006;Colombia;Poverty_gap_320_day;8.9
2007;Colombia;Poverty_gap_320_day;9
2008;Colombia;Poverty_gap_320_day;9.1
2009;Colombia;Poverty_gap_320_day;8
2010;Colombia;Poverty_gap_320_day;6.9
2011;Colombia;Poverty_gap_320_day;5.9
2012;Colombia;Poverty_gap_320_day;5.8
2013;Colombia;Poverty_gap_320_day;5.3
2014;Colombia;Poverty_gap_320_day;4.8
2015;Colombia;Poverty_gap_320_day;4.3
2016;Colombia;Poverty_gap_320_day;4.3
2017;Colombia;Poverty_gap_320_day;3.9
2018;Colombia;Poverty_gap_320_day;4
2019;Colombia;Poverty_gap_320_day;4.7
1992;Ecuador;Poverty_gap_320_day;14
1993;Ecuador;Poverty_gap_320_day;15
1994;Ecuador;Poverty_gap_320_day;15.2
1995;Ecuador;Poverty_gap_320_day;15.8
1996;Ecuador;Poverty_gap_320_day;16.6
1997;Ecuador;Poverty_gap_320_day;17.2
1998;Ecuador;Poverty_gap_320_day;17.8
1999;Ecuador;Poverty_gap_320_day;18.6
2000;Ecuador;Poverty_gap_320_day;22.9
2001;Ecuador;Poverty_gap_320_day;19
2002;Ecuador;Poverty_gap_320_day;16
2003;Ecuador;Poverty_gap_320_day;12.7
2004;Ecuador;Poverty_gap_320_day;13.1
2005;Ecuador;Poverty_gap_320_day;10.2
2006;Ecuador;Poverty_gap_320_day;7.3
2007;Ecuador;Poverty_gap_320_day;7.4
2008;Ecuador;Poverty_gap_320_day;6.8
2009;Ecuador;Poverty_gap_320_day;6.4
2010;Ecuador;Poverty_gap_320_day;5.2
2011;Ecuador;Poverty_gap_320_day;4.4
2012;Ecuador;Poverty_gap_320_day;4.1
2013;Ecuador;Poverty_gap_320_day;3.2
2014;Ecuador;Poverty_gap_320_day;2.6
2015;Ecuador;Poverty_gap_320_day;3.3
2016;Ecuador;Poverty_gap_320_day;3.3
2017;Ecuador;Poverty_gap_320_day;2.9
2018;Ecuador;Poverty_gap_320_day;3.1
2019;Ecuador;Poverty_gap_320_day;3.2
1992;Corea_del_Sur;Poverty_gap_320_day;0.5
1993;Corea_del_Sur;Poverty_gap_320_day;0.5
1994;Corea_del_Sur;Poverty_gap_320_day;0.5
1995;Corea_del_Sur;Poverty_gap_320_day;0.5
1996;Corea_del_Sur;Poverty_gap_320_day;0.5
1997;Corea_del_Sur;Poverty_gap_320_day;0.5
1998;Corea_del_Sur;Poverty_gap_320_day;0.48
1999;Corea_del_Sur;Poverty_gap_320_day;0.46
2000;Corea_del_Sur;Poverty_gap_320_day;0.44
2001;Corea_del_Sur;Poverty_gap_320_day;0.42
2002;Corea_del_Sur;Poverty_gap_320_day;0.4
2003;Corea_del_Sur;Poverty_gap_320_day;0.38
2004;Corea_del_Sur;Poverty_gap_320_day;0.36
2005;Corea_del_Sur;Poverty_gap_320_day;0.34
2006;Corea_del_Sur;Poverty_gap_320_day;0.3
2007;Corea_del_Sur;Poverty_gap_320_day;0.3
2008;Corea_del_Sur;Poverty_gap_320_day;0.3
2009;Corea_del_Sur;Poverty_gap_320_day;0.3
2010;Corea_del_Sur;Poverty_gap_320_day;0.3
2011;Corea_del_Sur;Poverty_gap_320_day;0.28
2012;Corea_del_Sur;Poverty_gap_320_day;0.2
2013;Corea_del_Sur;Poverty_gap_320_day;0.18
2014;Corea_del_Sur;Poverty_gap_320_day;0.2
2015;Corea_del_Sur;Poverty_gap_320_day;0.18
2016;Corea_del_Sur;Poverty_gap_320_day;0.1
2017;Corea_del_Sur;Poverty_gap_320_day;0.1
2018;Corea_del_Sur;Poverty_gap_320_day;0.1
2019;Corea_del_Sur;Poverty_gap_320_day;0.1
1992;Mexico;Poverty_gap_320_day;6.7
1993;Mexico;Poverty_gap_320_day;6.8
1994;Mexico;Poverty_gap_320_day;6.9
1995;Mexico;Poverty_gap_320_day;12
1996;Mexico;Poverty_gap_320_day;15.3
1997;Mexico;Poverty_gap_320_day;12.5
1998;Mexico;Poverty_gap_320_day;10.8
1999;Mexico;Poverty_gap_320_day;9.6
2000;Mexico;Poverty_gap_320_day;7.7
2001;Mexico;Poverty_gap_320_day;7
2002;Mexico;Poverty_gap_320_day;6.3
2003;Mexico;Poverty_gap_320_day;5.9
2004;Mexico;Poverty_gap_320_day;5.4
2005;Mexico;Poverty_gap_320_day;5.7
2006;Mexico;Poverty_gap_320_day;4
2007;Mexico;Poverty_gap_320_day;4.5
2008;Mexico;Poverty_gap_320_day;4.9
2009;Mexico;Poverty_gap_320_day;4.5
2010;Mexico;Poverty_gap_320_day;4.3
2011;Mexico;Poverty_gap_320_day;4
2012;Mexico;Poverty_gap_320_day;3.7
2013;Mexico;Poverty_gap_320_day;3.8
2014;Mexico;Poverty_gap_320_day;3.7
2015;Mexico;Poverty_gap_320_day;3
2016;Mexico;Poverty_gap_320_day;2.2
2017;Mexico;Poverty_gap_320_day;2
2018;Mexico;Poverty_gap_320_day;1.8
2019;Mexico;Poverty_gap_320_day;1.7
1992;Peru;Poverty_gap_320_day;15.0
1993;Peru;Poverty_gap_320_day;14.9
1994;Peru;Poverty_gap_320_day;14.7
1995;Peru;Poverty_gap_320_day;14.6
1996;Peru;Poverty_gap_320_day;14.4
1997;Peru;Poverty_gap_320_day;14.2
1998;Peru;Poverty_gap_320_day;13.7
1999;Peru;Poverty_gap_320_day;13.9
2000;Peru;Poverty_gap_320_day;13.3
2001;Peru;Poverty_gap_320_day;14.1
2002;Peru;Poverty_gap_320_day;12.4
2003;Peru;Poverty_gap_320_day;10.5
2004;Peru;Poverty_gap_320_day;11.4
2005;Peru;Poverty_gap_320_day;12.7
2006;Peru;Poverty_gap_320_day;10.9
2007;Peru;Poverty_gap_320_day;9.2
2008;Peru;Poverty_gap_320_day;7.5
2009;Peru;Poverty_gap_320_day;6.3
2010;Peru;Poverty_gap_320_day;5.0
2011;Peru;Poverty_gap_320_day;4.6
2012;Peru;Poverty_gap_320_day;4.3
2013;Peru;Poverty_gap_320_day;3.9
2014;Peru;Poverty_gap_320_day;3.5
2015;Peru;Poverty_gap_320_day;3.5
2016;Peru;Poverty_gap_320_day;3.3
2017;Peru;Poverty_gap_320_day;3.2
2018;Peru;Poverty_gap_320_day;2.6
2019;Peru;Poverty_gap_320_day;2.2
1992;Argentina;Gini_coef;45.5
1993;Argentina;Gini_coef;44.9
1994;Argentina;Gini_coef;45.9
1995;Argentina;Gini_coef;48.9
1996;Argentina;Gini_coef;49.5
1997;Argentina;Gini_coef;49.1
1998;Argentina;Gini_coef;50.7
1999;Argentina;Gini_coef;49.8
2000;Argentina;Gini_coef;51.1
2001;Argentina;Gini_coef;53.3
2002;Argentina;Gini_coef;53.8
2003;Argentina;Gini_coef;50.9
2004;Argentina;Gini_coef;48.4
2005;Argentina;Gini_coef;47.7
2006;Argentina;Gini_coef;46.3
2007;Argentina;Gini_coef;46.2
2008;Argentina;Gini_coef;44.9
2009;Argentina;Gini_coef;43.7
2010;Argentina;Gini_coef;43.6
2011;Argentina;Gini_coef;42.6
2012;Argentina;Gini_coef;41.3
2013;Argentina;Gini_coef;40.9
2014;Argentina;Gini_coef;41.6
2015;Argentina;Gini_coef;41.8
2016;Argentina;Gini_coef;42
2017;Argentina;Gini_coef;41.1
2018;Argentina;Gini_coef;41.3
2019;Argentina;Gini_coef;42.9
1992;Bolivia;Gini_coef;49.1
1993;Bolivia;Gini_coef;52.55
1994;Bolivia;Gini_coef;54.275
1995;Bolivia;Gini_coef;56
1996;Bolivia;Gini_coef;57.1
1997;Bolivia;Gini_coef;58.2
1998;Bolivia;Gini_coef;58.15
1999;Bolivia;Gini_coef;58.1
2000;Bolivia;Gini_coef;61.6
2001;Bolivia;Gini_coef;57.4
2002;Bolivia;Gini_coef;59.3
2003;Bolivia;Gini_coef;57.15
2004;Bolivia;Gini_coef;55
2005;Bolivia;Gini_coef;58.5
2006;Bolivia;Gini_coef;56.7
2007;Bolivia;Gini_coef;54.5
2008;Bolivia;Gini_coef;50.8
2009;Bolivia;Gini_coef;49.2
2010;Bolivia;Gini_coef;47.65
2011;Bolivia;Gini_coef;46.1
2012;Bolivia;Gini_coef;46.6
2013;Bolivia;Gini_coef;47.6
2014;Bolivia;Gini_coef;47.8
2015;Bolivia;Gini_coef;46.7
2016;Bolivia;Gini_coef;45.3
2017;Bolivia;Gini_coef;44.6
2018;Bolivia;Gini_coef;42.6
2019;Bolivia;Gini_coef;41.6
1992;Brasil;Gini_coef;53.2
1993;Brasil;Gini_coef;60.1
1994;Brasil;Gini_coef;59.85
1995;Brasil;Gini_coef;59.6
1996;Brasil;Gini_coef;59.9
1997;Brasil;Gini_coef;59.8
1998;Brasil;Gini_coef;59.6
1999;Brasil;Gini_coef;59
2000;Brasil;Gini_coef;58.7
2001;Brasil;Gini_coef;58.4
2002;Brasil;Gini_coef;58.1
2003;Brasil;Gini_coef;57.6
2004;Brasil;Gini_coef;56.5
2005;Brasil;Gini_coef;56.3
2006;Brasil;Gini_coef;55.6
2007;Brasil;Gini_coef;54.9
2008;Brasil;Gini_coef;54
2009;Brasil;Gini_coef;53.7
2010;Brasil;Gini_coef;53.3
2011;Brasil;Gini_coef;52.9
2012;Brasil;Gini_coef;53.5
2013;Brasil;Gini_coef;52.8
2014;Brasil;Gini_coef;52.1
2015;Brasil;Gini_coef;51.9
2016;Brasil;Gini_coef;53.3
2017;Brasil;Gini_coef;53.3
2018;Brasil;Gini_coef;53.9
2019;Brasil;Gini_coef;53.4
1992;Chile;Gini_coef;54.8
1993;Chile;Gini_coef;55.6
1994;Chile;Gini_coef;56.4
1995;Chile;Gini_coef;55.65
1996;Chile;Gini_coef;54.9
1997;Chile;Gini_coef;55.2
1998;Chile;Gini_coef;55.5
1999;Chile;Gini_coef;54.15
2000;Chile;Gini_coef;52.8
2001;Chile;Gini_coef;52.15
2002;Chile;Gini_coef;50.775
2003;Chile;Gini_coef;51.5
2004;Chile;Gini_coef;49.4
2005;Chile;Gini_coef;48.275
2006;Chile;Gini_coef;47.3
2007;Chile;Gini_coef;47.15
2008;Chile;Gini_coef;46.825
2009;Chile;Gini_coef;47
2010;Chile;Gini_coef;46.5
2011;Chile;Gini_coef;46
2012;Chile;Gini_coef;45.9
2013;Chile;Gini_coef;45.8
2014;Chile;Gini_coef;45.1
2015;Chile;Gini_coef;44.4
2016;Chile;Gini_coef;44.4
2017;Chile;Gini_coef;44.4
2018;Chile;Gini_coef;44.82
2019;Chile;Gini_coef;44.624
1992;Colombia;Gini_coef;51.5
1993;Colombia;Gini_coef;53.75
1994;Colombia;Gini_coef;54.2
1995;Colombia;Gini_coef;56
1996;Colombia;Gini_coef;56.9
1997;Colombia;Gini_coef;57.8
1998;Colombia;Gini_coef;58.25
1999;Colombia;Gini_coef;58.7
2000;Colombia;Gini_coef;58.7
2001;Colombia;Gini_coef;57.5
2002;Colombia;Gini_coef;56
2003;Colombia;Gini_coef;53.6
2004;Colombia;Gini_coef;55
2005;Colombia;Gini_coef;53.9
2006;Colombia;Gini_coef;54.6
2007;Colombia;Gini_coef;54.45
2008;Colombia;Gini_coef;55.3
2009;Colombia;Gini_coef;54.3
2010;Colombia;Gini_coef;54.6
2011;Colombia;Gini_coef;53.5
2012;Colombia;Gini_coef;52.6
2013;Colombia;Gini_coef;52.6
2014;Colombia;Gini_coef;52.6
2015;Colombia;Gini_coef;51
2016;Colombia;Gini_coef;50.6
2017;Colombia;Gini_coef;49.7
2018;Colombia;Gini_coef;50.4
2019;Colombia;Gini_coef;51.3
1992;Ecuador;Gini_coef;54.26666667
1993;Ecuador;Gini_coef;54.7
1994;Ecuador;Gini_coef;53.4
1995;Ecuador;Gini_coef;54.7
1996;Ecuador;Gini_coef;56
1997;Ecuador;Gini_coef;57.3
1998;Ecuador;Gini_coef;57.95
1999;Ecuador;Gini_coef;58.6
2000;Ecuador;Gini_coef;56.4
2001;Ecuador;Gini_coef;54.95
2002;Ecuador;Gini_coef;54.425
2003;Ecuador;Gini_coef;53.5
2004;Ecuador;Gini_coef;53.9
2005;Ecuador;Gini_coef;53.1
2006;Ecuador;Gini_coef;52.3
2007;Ecuador;Gini_coef;53.4
2008;Ecuador;Gini_coef;49.8
2009;Ecuador;Gini_coef;48.5
2010;Ecuador;Gini_coef;48.8
2011;Ecuador;Gini_coef;45.9
2012;Ecuador;Gini_coef;46.1
2013;Ecuador;Gini_coef;46.9
2014;Ecuador;Gini_coef;45
2015;Ecuador;Gini_coef;46
2016;Ecuador;Gini_coef;45
2017;Ecuador;Gini_coef;44.7
2018;Ecuador;Gini_coef;45.4
2019;Ecuador;Gini_coef;45.7
1992;Corea_del_Sur;Gini_coef;31.9
1993;Corea_del_Sur;Gini_coef;31.9
1994;Corea_del_Sur;Gini_coef;31.9
1995;Corea_del_Sur;Gini_coef;31.9
1996;Corea_del_Sur;Gini_coef;31.9
1997;Corea_del_Sur;Gini_coef;31.9
1998;Corea_del_Sur;Gini_coef;31.9
1999;Corea_del_Sur;Gini_coef;31.9
2000;Corea_del_Sur;Gini_coef;31.9
2001;Corea_del_Sur;Gini_coef;31.9
2002;Corea_del_Sur;Gini_coef;31.9
2003;Corea_del_Sur;Gini_coef;31.9
2004;Corea_del_Sur;Gini_coef;31.9
2005;Corea_del_Sur;Gini_coef;32.0
2006;Corea_del_Sur;Gini_coef;31.7
2007;Corea_del_Sur;Gini_coef;32.0
2008;Corea_del_Sur;Gini_coef;32.3
2009;Corea_del_Sur;Gini_coef;32.2
2010;Corea_del_Sur;Gini_coef;32.0
2011;Corea_del_Sur;Gini_coef;31.8
2012;Corea_del_Sur;Gini_coef;31.6
2013;Corea_del_Sur;Gini_coef;31.4
2014;Corea_del_Sur;Gini_coef;31.2
2015;Corea_del_Sur;Gini_coef;31.3
2016;Corea_del_Sur;Gini_coef;31.4
2017;Corea_del_Sur;Gini_coef;31.4
2018;Corea_del_Sur;Gini_coef;31.3
2019;Corea_del_Sur;Gini_coef;31.3
1992;Mexico;Gini_coef;52.6
1993;Mexico;Gini_coef;52.7
1994;Mexico;Gini_coef;52.8
1995;Mexico;Gini_coef;53.2
1996;Mexico;Gini_coef;53.6
1997;Mexico;Gini_coef;52.7
1998;Mexico;Gini_coef;51.7
1999;Mexico;Gini_coef;52.2
2000;Mexico;Gini_coef;52.6
2001;Mexico;Gini_coef;51.4
2002;Mexico;Gini_coef;50.1
2003;Mexico;Gini_coef;50.1
2004;Mexico;Gini_coef;50.0
2005;Mexico;Gini_coef;50.1
2006;Mexico;Gini_coef;48.9
2007;Mexico;Gini_coef;49.4
2008;Mexico;Gini_coef;49.9
2009;Mexico;Gini_coef;48.6
2010;Mexico;Gini_coef;47.2
2011;Mexico;Gini_coef;48.0
2012;Mexico;Gini_coef;48.7
2013;Mexico;Gini_coef;48.7
2014;Mexico;Gini_coef;48.7
2015;Mexico;Gini_coef;47.5
2016;Mexico;Gini_coef;46.3
2017;Mexico;Gini_coef;45.9
2018;Mexico;Gini_coef;45.4
2019;Mexico;Gini_coef;46.8
1992;Peru;Gini_coef;54.2
1993;Peru;Gini_coef;54.2
1994;Peru;Gini_coef;54.0
1995;Peru;Gini_coef;54.3
1996;Peru;Gini_coef;54.4
1997;Peru;Gini_coef;53.3
1998;Peru;Gini_coef;55.1
1999;Peru;Gini_coef;54.8
2000;Peru;Gini_coef;49.1
2001;Peru;Gini_coef;51.3
2002;Peru;Gini_coef;53.6
2003;Peru;Gini_coef;53.1
2004;Peru;Gini_coef;49.9
2005;Peru;Gini_coef;50.4
2006;Peru;Gini_coef;50.3
2007;Peru;Gini_coef;50.0
2008;Peru;Gini_coef;47.5
2009;Peru;Gini_coef;47.0
2010;Peru;Gini_coef;45.5
2011;Peru;Gini_coef;44.7
2012;Peru;Gini_coef;44.4
2013;Peru;Gini_coef;43.9
2014;Peru;Gini_coef;43.1
2015;Peru;Gini_coef;43.4
2016;Peru;Gini_coef;43.6
2017;Peru;Gini_coef;43.3
2018;Peru;Gini_coef;42.4
2019;Peru;Gini_coef;41.5
1995;Argentina;Internet_use;0.1
1996;Argentina;Internet_use;0.1
1997;Argentina;Internet_use;0.3
1998;Argentina;Internet_use;0.8
1999;Argentina;Internet_use;3.3
2000;Argentina;Internet_use;7.0
2001;Argentina;Internet_use;9.8
2002;Argentina;Internet_use;10.9
2003;Argentina;Internet_use;11.9
2004;Argentina;Internet_use;16.0
2005;Argentina;Internet_use;17.7
2006;Argentina;Internet_use;20.9
2007;Argentina;Internet_use;25.9
2008;Argentina;Internet_use;28.1
2009;Argentina;Internet_use;34.0
2010;Argentina;Internet_use;45.0
2011;Argentina;Internet_use;51.0
2012;Argentina;Internet_use;55.8
2013;Argentina;Internet_use;59.9
2014;Argentina;Internet_use;64.7
2015;Argentina;Internet_use;68.0
2016;Argentina;Internet_use;71.0
2017;Argentina;Internet_use;74.3
1995;Bolivia;Internet_use;0.1
1996;Bolivia;Internet_use;0.2
1997;Bolivia;Internet_use;0.4
1998;Bolivia;Internet_use;0.6
1999;Bolivia;Internet_use;1.0
2000;Bolivia;Internet_use;1.4
2001;Bolivia;Internet_use;2.1
2002;Bolivia;Internet_use;3.1
2003;Bolivia;Internet_use;3.5
2004;Bolivia;Internet_use;4.4
2005;Bolivia;Internet_use;5.2
2006;Bolivia;Internet_use;6.2
2007;Bolivia;Internet_use;10.5
2008;Bolivia;Internet_use;12.5
2009;Bolivia;Internet_use;16.8
2010;Bolivia;Internet_use;22.4
2011;Bolivia;Internet_use;30.0
2012;Bolivia;Internet_use;35.3
2013;Bolivia;Internet_use;37.0
2014;Bolivia;Internet_use;34.6
2015;Bolivia;Internet_use;37.5
2016;Bolivia;Internet_use;39.7
2017;Bolivia;Internet_use;43.8
1995;Brasil;Internet_use;0.1
1996;Brasil;Internet_use;0.5
1997;Brasil;Internet_use;0.8
1998;Brasil;Internet_use;1.5
1999;Brasil;Internet_use;2.0
2000;Brasil;Internet_use;2.9
2001;Brasil;Internet_use;4.5
2002;Brasil;Internet_use;9.1
2003;Brasil;Internet_use;13.2
2004;Brasil;Internet_use;19.1
2005;Brasil;Internet_use;21.0
2006;Brasil;Internet_use;28.2
2007;Brasil;Internet_use;30.9
2008;Brasil;Internet_use;33.8
2009;Brasil;Internet_use;39.2
2010;Brasil;Internet_use;40.7
2011;Brasil;Internet_use;45.7
2012;Brasil;Internet_use;48.6
2013;Brasil;Internet_use;51.0
2014;Brasil;Internet_use;54.6
2015;Brasil;Internet_use;58.3
2016;Brasil;Internet_use;60.9
2017;Brasil;Internet_use;67.5
1995;Chile;Internet_use;0.3
1996;Chile;Internet_use;0.7
1997;Chile;Internet_use;1.1
1998;Chile;Internet_use;1.7
1999;Chile;Internet_use;4.1
2000;Chile;Internet_use;16.6
2001;Chile;Internet_use;19.1
2002;Chile;Internet_use;22.1
2003;Chile;Internet_use;25.5
2004;Chile;Internet_use;28.2
2005;Chile;Internet_use;31.2
2006;Chile;Internet_use;34.5
2007;Chile;Internet_use;35.9
2008;Chile;Internet_use;37.3
2009;Chile;Internet_use;41.6
2010;Chile;Internet_use;45.0
2011;Chile;Internet_use;52.2
2012;Chile;Internet_use;55.1
2013;Chile;Internet_use;58.0
2014;Chile;Internet_use;61.1
2015;Chile;Internet_use;76.6
2016;Chile;Internet_use;83.6
2017;Chile;Internet_use;82.3
1995;Colombia;Internet_use;0.2
1996;Colombia;Internet_use;0.3
1997;Colombia;Internet_use;0.6
1998;Colombia;Internet_use;1.1
1999;Colombia;Internet_use;1.7
2000;Colombia;Internet_use;2.2
2001;Colombia;Internet_use;2.9
2002;Colombia;Internet_use;4.6
2003;Colombia;Internet_use;7.4
2004;Colombia;Internet_use;9.1
2005;Colombia;Internet_use;11.0
2006;Colombia;Internet_use;15.3
2007;Colombia;Internet_use;21.8
2008;Colombia;Internet_use;25.6
2009;Colombia;Internet_use;30.0
2010;Colombia;Internet_use;36.5
2011;Colombia;Internet_use;40.4
2012;Colombia;Internet_use;49.0
2013;Colombia;Internet_use;51.7
2014;Colombia;Internet_use;52.6
2015;Colombia;Internet_use;55.9
2016;Colombia;Internet_use;58.1
2017;Colombia;Internet_use;62.3
1995;Ecuador;Internet_use;0.0
1996;Ecuador;Internet_use;0.1
1997;Ecuador;Internet_use;0.1
1998;Ecuador;Internet_use;0.1
1999;Ecuador;Internet_use;0.8
2000;Ecuador;Internet_use;1.5
2001;Ecuador;Internet_use;2.7
2002;Ecuador;Internet_use;4.3
2003;Ecuador;Internet_use;4.5
2004;Ecuador;Internet_use;4.8
2005;Ecuador;Internet_use;6.0
2006;Ecuador;Internet_use;7.2
2007;Ecuador;Internet_use;10.8
2008;Ecuador;Internet_use;18.8
2009;Ecuador;Internet_use;24.6
2010;Ecuador;Internet_use;29.0
2011;Ecuador;Internet_use;31.4
2012;Ecuador;Internet_use;35.1
2013;Ecuador;Internet_use;40.3
2014;Ecuador;Internet_use;45.6
2015;Ecuador;Internet_use;48.9
2016;Ecuador;Internet_use;54.1
2017;Ecuador;Internet_use;61.9
1995;Corea_del_Sur;Internet_use;0.8
1996;Corea_del_Sur;Internet_use;1.6
1997;Corea_del_Sur;Internet_use;3.6
1998;Corea_del_Sur;Internet_use;6.8
1999;Corea_del_Sur;Internet_use;23.6
2000;Corea_del_Sur;Internet_use;44.7
2001;Corea_del_Sur;Internet_use;56.6
2002;Corea_del_Sur;Internet_use;59.4
2003;Corea_del_Sur;Internet_use;65.5
2004;Corea_del_Sur;Internet_use;72.7
2005;Corea_del_Sur;Internet_use;73.5
2006;Corea_del_Sur;Internet_use;78.1
2007;Corea_del_Sur;Internet_use;78.8
2008;Corea_del_Sur;Internet_use;81.0
2009;Corea_del_Sur;Internet_use;81.6
2010;Corea_del_Sur;Internet_use;83.7
2011;Corea_del_Sur;Internet_use;83.8
2012;Corea_del_Sur;Internet_use;84.1
2013;Corea_del_Sur;Internet_use;84.8
2014;Corea_del_Sur;Internet_use;87.6
2015;Corea_del_Sur;Internet_use;89.9
2016;Corea_del_Sur;Internet_use;92.8
2017;Corea_del_Sur;Internet_use;95.1
1995;Mexico;Internet_use;0.1
1996;Mexico;Internet_use;0.2
1997;Mexico;Internet_use;0.6
1998;Mexico;Internet_use;1.3
1999;Mexico;Internet_use;1.9
2000;Mexico;Internet_use;5.1
2001;Mexico;Internet_use;7.0
2002;Mexico;Internet_use;11.9
2003;Mexico;Internet_use;12.9
2004;Mexico;Internet_use;14.1
2005;Mexico;Internet_use;17.2
2006;Mexico;Internet_use;19.5
2007;Mexico;Internet_use;20.8
2008;Mexico;Internet_use;21.7
2009;Mexico;Internet_use;26.3
2010;Mexico;Internet_use;31.1
2011;Mexico;Internet_use;37.2
2012;Mexico;Internet_use;39.8
2013;Mexico;Internet_use;43.5
2014;Mexico;Internet_use;44.4
2015;Mexico;Internet_use;57.4
2016;Mexico;Internet_use;59.5
2017;Mexico;Internet_use;63.9
1995;Peru;Internet_use;0.0
1996;Peru;Internet_use;0.2
1997;Peru;Internet_use;0.4
1998;Peru;Internet_use;1.2
1999;Peru;Internet_use;2.0
2000;Peru;Internet_use;3.1
2001;Peru;Internet_use;7.6
2002;Peru;Internet_use;9.0
2003;Peru;Internet_use;11.6
2004;Peru;Internet_use;14.1
2005;Peru;Internet_use;17.1
2006;Peru;Internet_use;20.7
2007;Peru;Internet_use;25.2
2008;Peru;Internet_use;30.6
2009;Peru;Internet_use;31.4
2010;Peru;Internet_use;34.8
2011;Peru;Internet_use;36.0
2012;Peru;Internet_use;38.2
2013;Peru;Internet_use;39.2
2014;Peru;Internet_use;40.2
2015;Peru;Internet_use;40.9
2016;Peru;Internet_use;45.5
2017;Peru;Internet_use;50.5
2018;China;Pisa_avg;579
2018;Corea_del_Sur;Pisa_avg;520
2018;Chile;Pisa_avg;438
2018;Mexico;Pisa_avg;416
2018;Colombia;Pisa_avg;405
2018;Peru;Pisa_avg;402
2018;Brasil;Pisa_avg;400
2018;Argentina;Pisa_avg;395
2018;Rep_Dominicana;Pisa_avg;334
2018;China;100_Pisa_avg;100
2018;Corea_del_Sur;100_Pisa_avg;90
2018;Chile;100_Pisa_avg;76
2018;Mexico;100_Pisa_avg;72
2018;Colombia;100_Pisa_avg;70
2018;Peru;100_Pisa_avg;69
2018;Brasil;100_Pisa_avg;69
2018;Argentina;100_Pisa_avg;68
2018;Rep_Dominicana;100_Pisa_avg;58
2019;Argentina;Ease_doing_business;59
2019;Bolivia;Ease_doing_business;52
2019;Brasil;Ease_doing_business;59
2019;Chile;Ease_doing_business;73
2019;Colombia;Ease_doing_business;70
2019;Ecuador;Ease_doing_business;58
2019;Corea_del_Sur;Ease_doing_business;84
2019;Mexico;Ease_doing_business;72
2019;Peru;Ease_doing_business;69
